{"cameraMode":{"drawMode":0,"name":"Shaded","section":"Shading Mode"},"sceneLighting":true,"audioPlay":false,"sceneViewState":{"m_AlwaysRefresh":false,"showFog":true,"showSkybox":true,"showFlares":true,"showImageEffects":true,"showParticleSystems":true,"showVisualEffectGraphs":true,"m_FxEnabled":true},"in2DMode":false,"pivot":{"x":0.31774869561195376,"y":-22.9808406829834,"z":17.329944610595704},"rotation":{"x":-0.34553971886634829,"y":-0.003663417650386691,"z":0.0013462576316669584,"w":-0.9384155869483948},"size":27.248199462890626,"orthographic":false}